Name,Address,BarcodeID
Arun,"Lunkad Queensland,Mhada Colony, Viman Nagar, Pune, Maharashtra 411014",645458964388
Kunal,"Mystique Moods Society,232, New Airport Rd, Air Force Area, Mhada Colony, Sanjay Park, Pune, Maharashtra 411014",357791077845
Saniya,"Konark Campus,S. No. 230, A/1, New Airport Rd, Mhada Colony, Viman Nagar, Pune, Maharashtra 411014",368533636950
Sumit,"Emerald Residency,  Anand Vidya Niketan High School Rd Sainik Nagar, Clover Park, Viman Nagar, Pune, Maharashtra 411014 ",367903052756
Anooj,"Mandke ARMAAN Premium Apartments,7, Rajiv Nagar South, Konark Nagar, Mhada Colony, Viman Nagar, Pune, Maharashtra 411014",384324736305
Pratiksha,"Siddhivinayak Pride, 411014, Konark Nagar, Mhada Colony, Viman Nagar, Pune, Maharashtra 411014",981035797783
Denisa,"Mhada ColonyViman NagarPune, Maharashtra 411014 ",846900137460
Diviyam,"Rohan Mithila 2 Co-operative Housing Society,New Airport Rd, Survey Number 235, Mhada Colony, Viman Nagar, Pune, Maharashtra 411014",852121400706
Suraj ,"Puru Society Road Survey Number 235, Puru Society, Sanjay Park Pune, Maharashtra 411006 ",853360970238
Shreyansh,"Sky Belvedere, New Airport Rd, Opp Symbiosis Law College, Survey Number 235, Mhada Colony, Viman Nagar, Pune, Maharashtra 411014",908938606230
Arbind,"D2 Clover Park, Viman Nagar, Pune, Maharashtra 411014 ",317551485609
Prabhat,"Nature Mosaics, Riddhi Towers, Clover Park, Viman Nagar, Pune, Maharashtra 411014",180038548182
Appu,"Air Force Campus, Viman Nagar,Pune, Maharashtra 411014 ",724733840649
James,"Oakwood Apartment,Near CCD, Ganga Hamlet, Sakore Nagar, Kalyani Nagar, Pune, Maharashtra 411014",424893342075
Ankit,"Lunkad Greenland,Satyam King Marg, Konark Nagar, Clover Park, Viman Nagar, Pune, Maharashtra 411014",949911060676
Aarav,"Symbiosis International School,Gate No. 3, Symbiosis Viman Nagar Campus, Off., New Airport Road, Viman Nagar, Clover Park, Viman Nagar, Pune, Maharashtra 411014",873991901481
Vivaan,"Kothari Orchid Sakore Nagar, Viman Nagar Pune, Maharashtra 411014",897896428118
Aditya,"127 Sakore Nagar, Viman Nagar Pune, Maharashtra 411014",537136172161
Amrit ,"Amrit Bhavan,B No R58 Parkland Society behind Hotel Hyatt Regency 411014, Sakore Nagar, Viman Nagar, Pune, Maharashtra 411014",695295561376
Vihaan,"Nyati Millennium,Datta Mandir Chamber,Viman Nagar, Viman Nagar Rd, Clover Park, Viman Nagar, Pune, Maharashtra 411014",756457351381
Akhila,"Anand Vidya Niketan High School Rd Konark Nagar, Clover Park, Viman Nagar Pune, Maharashtra 411014",260682006185
Amrita,"Air Force Campus  Viman Nagar Pune, Maharashtra 411014",827134322272
Cachari,"Survey No 226,New Airport Rd, Survey Number 235, Mhada Colony, Viman Nagar, Pune, Maharashtra 411006",899926947887
Aabhass,"Mudliar Classes,Plot no 41, Lane 2C, Survey Number 235, Sanjay Park, Pune, Maharashtra 411006",201677047158
Faryad,"Nagar Road Ward Office,Survey No.30, 7, Nagar Rd, Ramwadi, Viman Nagar, Pune, Maharashtra 411014",936882079537
Mohit,"Sankalp Nagri Ramwadi, Wadgaon Sheri Pune, Maharashtra 411014",390829854207
Rohit,"Hotel Brookside,Plot No.7A, Viman Nagar Rd, Clover Park, Viman Nagar, Pune, Maharashtra 411014",416824702958
Ishaan,"Gulmohar Royale Apartment Clover Park, Viman Nagar Pune, Maharashtra 411014",401663662707
Ranjeet,"Neco Harmony Clover Park, Viman Nagar Pune, Maharashtra 411014",482520265622
Mahij,"brij 359A smq Air Force Campus, Viman Nagar Pune, Maharashtra 411014",587321338814
Aarav,"Rajiv Nagar South  Mhada Colony, Viman Nagar Pune, Maharashtra 411014",397859558220
